"","edf","Ref.df","Chi.sq","p-value"
"s(CMAPUID)",13.2330431592923,35,28.2789165630208,0.000473169011980357
