"","edf","Ref.df","Chi.sq","p-value"
"s(CMAPUID)",9.39586615812197,34,21.1989415568321,0.0019811166485485
