"","edf","Ref.df","Chi.sq","p-value"
"s(CMAPUID)",8.8575326305125,33,24.1378514605472,0.000226748963866985
