"","edf","Ref.df","Chi.sq","p-value"
"s(CMAPUID)",13.0745804602577,35,27.6366000766913,0.000577890451197827
