"","edf","Ref.df","Chi.sq","p-value"
"s(CMAPUID)",15.9134350341863,35,41.5621523039693,5.89394160588341e-06
