"","edf","Ref.df","Chi.sq","p-value"
"s(CMAPUID)",9.98161516930998,34,26.7314306721516,0.000178652551814706
