"","edf","Ref.df","Chi.sq","p-value"
"s(CMAPUID)",12.6817468828349,35,26.6240916550321,0.000678644549086949
