"","edf","Ref.df","Chi.sq","p-value"
"s(CMAPUID)",4.38433886678158,33,6.8599168858249,0.0842837692388871
