"","edf","Ref.df","Chi.sq","p-value"
"s(CMAPUID)",5.30487512364091,35,7.24542561133362,0.111086617800979
