"","edf","Ref.df","Chi.sq","p-value"
"s(CMAPUID)",6.89120595496637,34,16.1904072559665,0.00269303983916946
