"","edf","Ref.df","Chi.sq","p-value"
"s(CMAPUID)",8.63856491616881,34,18.1780302508525,0.00503886148767052
