"","edf","Ref.df","Chi.sq","p-value"
"s(CMAPUID)",4.34051062331764,34,7.46981054224728,0.0497764443221174
