"","edf","Ref.df","Chi.sq","p-value"
"s(CMAPUID)",5.07159708760442,34,7.49546553466621,0.0728095236978541
