"","edf","Ref.df","Chi.sq","p-value"
"s(CMAPUID)",3.68524323378691,34,5.75434004649941,0.088620646651376
