"","edf","Ref.df","Chi.sq","p-value"
"s(CMAPUID)",6.71160157345585,31,15.3933305512694,0.00352034387914324
