"","edf","Ref.df","Chi.sq","p-value"
"s(CMAPUID)",0.000249301104637801,31,0.000180120137521167,0.672840534166019
