"","edf","Ref.df","Chi.sq","p-value"
"s(CMAPUID)",4.15748887986736,34,6.85438024763122,0.0637645997146525
