"","edf","Ref.df","Chi.sq","p-value"
"s(CMAPUID)",11.327780229208,35,24.0334822940869,0.00147978909661983
