"","edf","Ref.df","Chi.sq","p-value"
"s(CMAPUID)",14.4111953705488,34,36.2884390703723,3.77936219163599e-05
