"","edf","Ref.df","Chi.sq","p-value"
"s(CMAPUID)",15.4542516234591,35,39.3581476784168,1.15035573107214e-05
