"","edf","Ref.df","Chi.sq","p-value"
"s(CMAPUID)",3.6491525746532,34,5.50486686795699,0.103054711822328
