"","edf","Ref.df","Chi.sq","p-value"
"s(CMAPUID)",8.9257060547544,34,19.317903118947,0.00354553708274474
