"","edf","Ref.df","Chi.sq","p-value"
"s(CMAPUID)",14.9834766265071,34,46.1101531177697,6.15715423757379e-07
