"","edf","Ref.df","Chi.sq","p-value"
"s(CMAPUID)",0.000258447816729838,31,0.000192442650543357,0.651158366376863
