"","edf","Ref.df","Chi.sq","p-value"
"s(CMAPUID)",3.25170976408747,34,4.69291139970822,0.129362109048208
