"","edf","Ref.df","Chi.sq","p-value"
"s(CMAPUID)",8.33038114938284,34,13.6269662772795,0.0337050583055032
