"","edf","Ref.df","Chi.sq","p-value"
"s(CMAPUID)",12.6102545053101,35,25.9924832559863,0.00091010718121598
