"","edf","Ref.df","Chi.sq","p-value"
"s(CMAPUID)",6.90128134843204,31,16.4083220524731,0.00233197208895797
