"","edf","Ref.df","Chi.sq","p-value"
"s(CMAPUID)",4.19670523294105,33,6.39280873353713,0.0966746002927032
