"","edf","Ref.df","Chi.sq","p-value"
"s(CMAPUID)",9.5382067072195,33,28.2723477091178,4.71450432438791e-05
