"","edf","Ref.df","Chi.sq","p-value"
"s(CMAPUID)",14.4889146626861,35,39.2411001321912,8.540698557713e-06
