"","edf","Ref.df","Chi.sq","p-value"
"s(CMAPUID)",9.56916466893597,34,21.9763672870272,0.00154320354110604
