"","edf","Ref.df","Chi.sq","p-value"
"s(CMAPUID)",5.47161511716633,35,7.56414756601836,0.10275170798359
