"","edf","Ref.df","Chi.sq","p-value"
"s(CMAPUID)",15.549296376386,35,42.7914287071277,4.02417424982815e-06
