"","edf","Ref.df","Chi.sq","p-value"
"s(CMAPUID)",3.84093076806094,34,6.02176391649642,0.0851232563262558
