"","edf","Ref.df","Chi.sq","p-value"
"s(CMAPUID)",15.3847120503811,35,42.0265808909462,5.16180204501726e-06
