"","edf","Ref.df","Chi.sq","p-value"
"s(CMAPUID)",6.53082443445631,34,14.0382470707693,0.00677806918759483
