"","edf","Ref.df","Chi.sq","p-value"
"s(CMAPUID)",12.6939212133602,35,26.3644178944866,0.000799707736264255
