"","edf","Ref.df","Chi.sq","p-value"
"s(CMAPUID)",9.75155680399553,34,24.6079543329459,0.00044209803501527
