"","edf","Ref.df","Chi.sq","p-value"
"s(CMAPUID)",12.1252838301826,35,24.7655493039427,0.00110951738018739
