"","edf","Ref.df","Chi.sq","p-value"
"s(CMAPUID)",5.35856000084792,34,8.11974165253643,0.0608494566615789
